image_name,label
FbgWdiJh.png,2
Y9mTB2R0.png,1
yUh7Xnm6.png,2
rfnN14UO.png,2
L4iJlYv1.png,0
RfhbnN63.png,1
LMm3N1Sp.png,2
wjozybs0.png,1
D964iBfJ.png,2
NLVdqI0G.png,2
3AovcesB.png,0
Fd3sCrIz.png,0
JL2TStbx.png,0
5TEcu4l8.png,2
mCp90fzM.png,1
kv6utZ9D.png,2
g0SwfNYc.png,1
PQ6VhaMR.png,1
3UxVKr1O.png,1
5oPqTpa9.png,0
fFxKkH7W.png,1
t3CKxi47.png,2
PZ57M4mf.png,0
FqHSALP0.png,0
gWmXJMR0.png,0
mAPrdxnL.png,1
siKJLYU9.png,2
Ect2jDXp.png,0
109ntCpi.png,0
B1dALYa2.png,0
tEj7n5dV.png,2
qlO7fYLx.png,2
7YzlTXPG.png,2
OAW5QI1D.png,2
KRH62TXW.png,2
PRCMcZ8E.png,2
8JLaoPQ2.png,0
eWV1ZLqX.png,0
YE6wahi0.png,1
Kxyl0VYZ.png,2
xa2esJzH.png,1
0LjkyORl.png,2
57H2I4ra.png,2
etb9h3A8.png,0
1lkJQ76t.png,1
5pl2Keis.png,0
dIawYzyQ.png,2
RmfB3KSq.png,0
4qtP87VR.png,2
qYyh1Rn4.png,2
Zlb2hMuT.png,0
RunJvq6i.png,2
yzZbcjvr.png,0
hNs5yMcX.png,2
GJQcXyRY.png,2
tXAe7Oar.png,2
OgfKWE7R.png,0
EDWbKjU4.png,1
KTahBSc0.png,1
GncMT603.png,2
6ETVequR.png,0
NXYgH2Z4.png,2
UpKht3lB.png,0
hNRcXIqp.png,0
XMJKR5yq.png,0
TgfAR4Vh.png,2
hJPXpfqc.png,0
LdT3rNMv.png,1
E1knu36F.png,1
uci2SKVD.png,0
SvR9NyLW.png,0
DrmSGRha.png,0
KUAzlH09.png,0
Wk65Mhwn.png,0
hnVDrL6N.png,2
r6zhsMtG.png,1
MrAxvgDj.png,2
PCbz0TE1.png,2
DY59iX7R.png,0
41zHABdG.png,0
GM4rZi7U.png,2
7Mz6dNux.png,1
cj2wf7Dd.png,1
9b7oCLhR.png,2
0u1TA6VR.png,2
dImC7tBN.png,2
htnq1Qpi.png,1
vFGXLuPc.png,2
C4ZdfHem.png,2
3t6WzqbR.png,0
Df6Z8Sso.png,2
hJtj8oUw.png,2
L0bWNEo5.png,0
NEikQb1X.png,0
IghVafm5.png,2
pmayGkch.png,0
zP4ohpF5.png,1
PVRrYTLq.png,2
6o1SQngK.png,0
gQbj2uhm.png,1
YCowbEiV.png,0
bTru6yU3.png,1
AE296V83.png,0
DFcklCPS.png,2
hfikXWGL.png,0
pk58GxKf.png,0
3YmxZjnX.png,1
zKfpHkgx.png,2
j0hvOcLm.png,1
oRhtgTcs.png,2
TSLrl7cG.png,0
6wW3K4Bd.png,1
TnL7jmPB.png,0
qIOg4xGU.png,2
HiSu7o0l.png,2
WJxem0Gd.png,0
XFUNCw52.png,0
pY5sI0TJ.png,1
0jXp7GA2.png,0
HMD4z75X.png,0
Feu3HfIb.png,0
ZHh9bmJx.png,2
pQ6I03Un.png,2
kzGcm7P3.png,1
Qu3pxwGi.png,2
cGvfhmwJ.png,0
irPIkDfW.png,2
ynI9rq7g.png,1
sqDwr1jc.png,1
ymdQXhZr.png,2
dZFAJc1t.png,1
S1NyWuFh.png,0
WJqNvrTF.png,0
zorBY4Pi.png,0
SswYWkzJ.png,2
RcUAS3kH.png,2
gEYGHqD8.png,2
hwSQomDP.png,1
o5iOCt6d.png,0
TNKIx6iS.png,2
ThPd9b3n.png,0
lRiKkhCF.png,2
gZKI2Qta.png,2
M8sW5pRZ.png,1
MkGJ356m.png,0
VwaGOD0t.png,1
9Z5oLJC1.png,1
1fa3wZcl.png,2
SterHJuC.png,2
E8Q9UKV5.png,2
fyDvjhKk.png,0
mGABYtk6.png,2
IGe4oQOa.png,1
9t71gmCw.png,0
P81LtAQ0.png,2
9ey6mIVE.png,0
0JozGHh2.png,0
4xp7ZVvc.png,1
HAs5PqT3.png,1
4CpkKJT8.png,2
dwKxy2JE.png,2
9jX4cWoT.png,0
RKsBukTD.png,0
4klgab7m.png,1
ljrexiF1.png,0
h3HmW7Ev.png,1
oZhA38c5.png,0
jUeF4WBX.png,1
ILAdhYKU.png,2
UznFqwMa.png,1
WeGstphk.png,1
Njs0ybCZ.png,0
a7dXuL9c.png,2
6fOpskLw.png,1
xSUbBsy8.png,0
Ts2YctNm.png,2
9sVKyDSf.png,2
aiMhOy3F.png,2
gSKyRtYP.png,2
VriPXFoZ.png,1
YFBvI4h6.png,1
La712iyO.png,0
cP7t2Oae.png,0
xRkwMgWJ.png,0
7sZXBvr2.png,0
Tu1MnjiH.png,1
1Qsk2Hve.png,0
mJiNRgG6.png,2
FmcgxeE8.png,2
aRlOTw7q.png,2
AQeMi9Oh.png,2
JD1cMFnN.png,0
yoafnV4Z.png,2
uO5gAHJC.png,2
ciPeqVZN.png,1
i8tbBf0q.png,2
NT0Obz2f.png,2
gqCFHAXo.png,1
Bu5MHrxy.png,2
rDm6LGnZ.png,2
5iCxpsJ4.png,0
8QX6mriq.png,0
1Lq2U3iZ.png,2
MHnewBqk.png,2
ZlUsx87W.png,1
i6TbJ0CU.png,2
0aGT6gN7.png,2
fhrx3JwZ.png,1
4IBd8XDG.png,0
WOl6d42B.png,2
vUzCoe7F.png,2
8a3p7qsd.png,0
956yAIYx.png,1
AbFWTD5p.png,2
z9AWgsof.png,1
1lqwaseW.png,0
Hr4Efgw6.png,2
pD2EzkZM.png,1
U1VqLkf8.png,0
eJTD2KLc.png,2
MQiYm7K1.png,2
T4HWcGwB.png,0
wumtJlSd.png,2
YA52zvfC.png,2
x3aJkwb0.png,2
M7Va8QHD.png,2
QVtE1OaB.png,0
oNkMtYfD.png,2
I3XYBO6a.png,0
TARIEP5Z.png,2
IYvm8OpR.png,2
NWJzpdaV.png,0
2jKlH69x.png,1
H1P7KcxA.png,0
ORNrxkEb.png,2
0qHaD517.png,2
kbMNEID7.png,2
5wsmGFSg.png,2
DklCXZFv.png,2
GRH8O4fy.png,0
kivCIay9.png,1
7MbsCE4L.png,1
GVRbWftw.png,2
6plXMxTh.png,1
ZTzQvOFf.png,0
GKElJzUA.png,2
wES1CV0b.png,1
WosmjyDp.png,2
DRKCufNF.png,2
KYwnVPL7.png,0
UhaV3bsn.png,1
Kgvfwk6x.png,0
s3or2R84.png,0
gkwsHriI.png,0
ucOz057U.png,1
7ISj1AcO.png,2
1e78zE9s.png,2
Y0gNzTRr.png,2
Rzl6cuKd.png,0
XMQvpeCU.png,2
Ti5DsjlL.png,1
FIqL5m6J.png,2
fMdP6TIS.png,0
mgjsflGT.png,0
bslaPYjF.png,2
8dbAnUWh.png,2
