image_name,label
PVRrYTLq.png,2
ORNrxkEb.png,2
bslaPYjF.png,2
ciPeqVZN.png,1
I3XYBO6a.png,0
MQiYm7K1.png,2
cGvfhmwJ.png,0
PRCMcZ8E.png,2
T4HWcGwB.png,0
109ntCpi.png,0
Kgvfwk6x.png,0
pQ6I03Un.png,2
mJiNRgG6.png,2
dImC7tBN.png,2
t3CKxi47.png,2
cj2wf7Dd.png,1
57H2I4ra.png,2
NEikQb1X.png,0
U1VqLkf8.png,0
ZHh9bmJx.png,2
WOl6d42B.png,2
Hr4Efgw6.png,2
DklCXZFv.png,2
GncMT603.png,2
YE6wahi0.png,1
uci2SKVD.png,0
zKfpHkgx.png,2
IghVafm5.png,2
zP4ohpF5.png,1
aRlOTw7q.png,2
MHnewBqk.png,2
FqHSALP0.png,0
wjozybs0.png,1
Ts2YctNm.png,2
E8Q9UKV5.png,2
3t6WzqbR.png,0
YA52zvfC.png,2
kivCIay9.png,1
Ti5DsjlL.png,1
vFGXLuPc.png,2
hnVDrL6N.png,2
YCowbEiV.png,0
hNRcXIqp.png,0
yoafnV4Z.png,2
AE296V83.png,0
D964iBfJ.png,2
gqCFHAXo.png,1
3UxVKr1O.png,1
j0hvOcLm.png,1
TgfAR4Vh.png,2
GJQcXyRY.png,2
lRiKkhCF.png,2
8a3p7qsd.png,0
7sZXBvr2.png,0
Bu5MHrxy.png,2
TnL7jmPB.png,0
gZKI2Qta.png,2
1e78zE9s.png,2
gQbj2uhm.png,1
bTru6yU3.png,1
fFxKkH7W.png,1
9ey6mIVE.png,0
fhrx3JwZ.png,1
TARIEP5Z.png,2
DFcklCPS.png,2
XMJKR5yq.png,0
htnq1Qpi.png,1
8dbAnUWh.png,2
yzZbcjvr.png,0
mAPrdxnL.png,1
NT0Obz2f.png,2
P81LtAQ0.png,2
GM4rZi7U.png,2
fMdP6TIS.png,0
g0SwfNYc.png,1
sqDwr1jc.png,1
KUAzlH09.png,0
Tu1MnjiH.png,1
tXAe7Oar.png,2
OAW5QI1D.png,2
Ect2jDXp.png,0
1Qsk2Hve.png,0
QVtE1OaB.png,0
9b7oCLhR.png,2
5iCxpsJ4.png,0
ThPd9b3n.png,0
YFBvI4h6.png,1
ynI9rq7g.png,1
B1dALYa2.png,0
PQ6VhaMR.png,1
i6TbJ0CU.png,2
TNKIx6iS.png,2
1fa3wZcl.png,2
TSLrl7cG.png,0
ljrexiF1.png,0
pD2EzkZM.png,1
pmayGkch.png,0
0qHaD517.png,2
41zHABdG.png,0
NLVdqI0G.png,2
IGe4oQOa.png,1
6fOpskLw.png,1
Rzl6cuKd.png,0
1lkJQ76t.png,1
956yAIYx.png,1
LdT3rNMv.png,1
UpKht3lB.png,0
hNs5yMcX.png,2
dIawYzyQ.png,2
5TEcu4l8.png,2
4xp7ZVvc.png,1
La712iyO.png,0
WJxem0Gd.png,0
xSUbBsy8.png,0
ucOz057U.png,1
Kxyl0VYZ.png,2
MrAxvgDj.png,2
1lqwaseW.png,0
kv6utZ9D.png,2
AQeMi9Oh.png,2
DrmSGRha.png,0
0aGT6gN7.png,2
RunJvq6i.png,2
GRH8O4fy.png,0
NWJzpdaV.png,0
h3HmW7Ev.png,1
mCp90fzM.png,1
VwaGOD0t.png,1
1Lq2U3iZ.png,2
NXYgH2Z4.png,2
Df6Z8Sso.png,2
Njs0ybCZ.png,0
yUh7Xnm6.png,2
Fd3sCrIz.png,0
PZ57M4mf.png,0
6plXMxTh.png,1
EDWbKjU4.png,1
RfhbnN63.png,1
dZFAJc1t.png,1
XFUNCw52.png,0
oZhA38c5.png,0
hfikXWGL.png,0
HAs5PqT3.png,1
6o1SQngK.png,0
5wsmGFSg.png,2
L0bWNEo5.png,0
9Z5oLJC1.png,1
aiMhOy3F.png,2
eJTD2KLc.png,2
z9AWgsof.png,1
DRKCufNF.png,2
3YmxZjnX.png,1
ZTzQvOFf.png,0
6ETVequR.png,0
o5iOCt6d.png,0
dwKxy2JE.png,2
hwSQomDP.png,1
8JLaoPQ2.png,0
AbFWTD5p.png,2
Zlb2hMuT.png,0
oRhtgTcs.png,2
kbMNEID7.png,2
MkGJ356m.png,0
8QX6mriq.png,0
RmfB3KSq.png,0
4qtP87VR.png,2
4CpkKJT8.png,2
fyDvjhKk.png,0
Y9mTB2R0.png,1
S1NyWuFh.png,0
5pl2Keis.png,0
0u1TA6VR.png,2
mgjsflGT.png,0
xRkwMgWJ.png,0
C4ZdfHem.png,2
rfnN14UO.png,2
jUeF4WBX.png,1
ymdQXhZr.png,2
FIqL5m6J.png,2
0JozGHh2.png,0
gEYGHqD8.png,2
gkwsHriI.png,0
mGABYtk6.png,2
7ISj1AcO.png,2
M8sW5pRZ.png,1
WJqNvrTF.png,0
